name,goals_per90,assists_per90,goals_assists_pens_per90,goals_pens_per90,goals,shots_total_per90,shots_on_target_per90,shots_free_kicks,pens_made,passes_completed,passes,passes_completed_short,passes_completed_medium,passes_completed_long,sca,sca_per90,gca_per90,tackles,tackles_won,dribbles_vs,pressures,pressure_regains,blocks,blocked_shots,dribbles_completed,carry_distance,fouls,aerials_won,ball_recoveries
Andriy Lunin,,,,,,,,,,,,,,,,,,,0,,,,,,,,1,,
Víctor Chust,,,,,,,,,,,,,,,,,,,,,,,,,,,,,
Thibaut Courtois,0.00,0.00,0.00,0.00,0,0.00,0.00,0,0,125,156,0,60,65,0,0.00,0.00,0,0,0,1,0,0,0,0,564,0,0,13
Diego Altube,,,,,,,,,,,,,,,,,,,,,,,,,,,,,
Alfonso Espino,0.00,0.00,0.00,0.00,0,,,,0,,,,,,,,,,,,,,,,,,,,
Yassine Bounou,,,,,0,0.00,0.00,0,0,62,73,0,43,19,0,0.00,0.00,0,0,0,0,0,0,0,1,211,0,0,10
Sergio Arribas,,,,,,,,,,,,,,,,,,,,,,,,,,,,,
Jokin Ezkieta,,,,,,,,,,,,,,,,,,,,,,,,,,,,,
Iñigo Lekue,0.00,0.00,0.00,0.00,0,0.00,0.00,0,0,9,13,0,5,4,0,0.00,0.00,0,0,0,3,1,0,0,1,62,1,0,2
Jorge de Frutos,0.00,0.00,0.00,0.00,0,0.00,0.00,,0,,,,,,,,,,1,,,,,,,,1,,
Kenan Kodro,0.00,0.00,0.00,0.00,0,0.00,0.00,0,0,1,1,0,1,0,0,0.00,0.00,0,0,0,2,0,0,0,0,0,1,0,0
Oier Zarraga,,,,,,,,,,,,,,,,,,,,,,,,,,,,,
Unai Vencedor Paris,,,,,,,,,,,,,,,,,,,,,,,,,,,,,
Aitor Paredes Casamichana,,,,,,,,,,,,,,,,,,,,,,,,,,,,,
Sergio León,0.00,0.00,0.00,0.00,0,3.05,0.00,0,0,7,9,0,7,0,3,4.58,0.00,0,0,1,6,1,0,0,2,76,1,2,0
Son,,,,,,,,,,,,,,,,,,,,,,,,,,,,,
Toño,0.00,0.00,0.00,0.00,0,0.00,0.00,0,0,34,42,0,31,3,0,0.00,0.00,0,0,0,11,1,0,0,0,178,1,0,4
Rober,0.00,0.00,0.00,0.00,0,0.00,0.00,0,0,43,48,1,26,16,0,0.00,0.00,0,0,0,7,0,2,1,0,157,1,3,13
Sergio Postigo,0.00,0.00,0.00,0.00,0,0.00,0.00,0,0,69,85,1,39,29,0,0.00,0.00,2,1,3,15,5,4,2,2,235,2,3,25
Mickael Malsa,0.00,0.00,0.00,0.00,0,,,,0,,,,,,,,,,,,,,,,,,,,
Roger Martí,0.95,0.95,1.89,0.95,1,0.95,0.95,0,0,9,20,0,6,3,1,0.95,0.95,1,1,1,15,3,0,0,0,92,1,1,4
Nemanja Radoja,,,,,,,,,,,,,,,,,,,,,,,,,,,,,
Óscar Duarte,0.00,0.00,0.00,0.00,0,0.00,0.00,0,0,58,70,1,39,18,2,1.03,0.00,0,0,2,16,3,1,1,0,269,5,4,10
Pablo Martínez,,,,,,,,,,,,,,,,,,,,,,,,,,,,,
Dani Cárdenas,,,,,,,,,,,,,,,,,,,,,,,,,,,,,
Koke Vegas,,,,,,,,,,43,63,0,30,13,0,0.00,0.00,0,0,1,1,0,0,0,0,105,0,0,10
Dani Gómez,,,,,,,,,,,,,,,,,,,,,,,,,,,,,
Antonio Sivera,,,,,,,,,,,,,,,,,,,0,,,,,,,,1,,
Adrián Marín,,,,,0,0.32,0.00,0,0,253,355,2,204,47,11,1.16,0.00,19,6,6,87,22,23,4,8,1238,25,8,69
Hernâni Fortes,,,,,2,3.03,1.24,,0,,,,,,,,,,3,,,,,,,,5,,
Aritz Castro,,,,,,,,,,,,,,,,,,,,,,,,,,,,,
Coke,0.00,0.00,0.00,0.00,0,0.00,0.00,0,0,1,1,0,1,0,0,0.00,0.00,0,0,0,0,0,0,0,0,1,0,0,0
Pepe Blanco,,,,,,,,,,,,,,,,,,,,,,,,,,,,,
Burgui,,,,,0,0.00,0.00,,0,,,,,,,,,,0,,,,,,,,0,,
Jorge Miramón,0.00,0.33,0.33,0.00,0,1.33,0.00,0,0,123,167,1,101,21,6,1.99,0.33,7,4,10,33,12,9,0,2,566,4,6,31
Martin Agirregabiria,0.00,0.00,0.00,0.00,0,0.00,0.00,0,0,2,2,0,2,0,0,0.00,0.00,0,0,0,1,1,0,0,0,0,0,0,0
Nikola Vukčević,0.00,0.00,0.00,0.00,0,0.72,0.00,0,0,90,108,1,72,17,2,0.72,0.00,5,1,5,42,11,3,2,0,336,6,8,23
Gonzalo Melero,0.36,0.00,0.36,0.36,1,1.08,0.36,0,0,120,127,2,103,15,7,2.52,0.00,3,3,5,39,11,5,0,4,528,5,0,14
Rúben Vezo,0.00,0.00,0.00,0.00,0,0.00,0.00,0,0,97,127,0,61,36,3,1.00,0.33,5,2,1,17,2,7,1,1,657,2,3,25
Carlos Clerc,0.00,0.00,0.00,0.00,0,,,,0,,,,,,,,,,,,,,,,,,,,
Aitor Fernández,0.00,0.00,0.00,0.00,,,,,,88,128,6,56,26,0,0.00,0.00,0,0,0,2,1,0,0,0,255,0,0,20
Sergi García,,,,,,,,,,,,,,,,,,,,,,,,,,,,,
José Luis Morales,0.85,0.28,1.13,0.85,3,2.83,1.13,0,0,49,79,0,41,8,9,2.55,0.85,0,0,3,61,13,3,0,5,812,2,3,15
Enis Bardhi,0.00,0.00,0.00,0.00,0,2.71,2.11,0,0,93,136,1,78,14,8,2.41,0.00,5,3,7,71,18,7,0,6,747,10,0,30
Manu García,0.00,0.00,0.00,0.00,0,0.00,0.00,0,0,17,22,0,13,4,0,0.00,0.00,1,1,2,5,3,1,1,0,83,0,1,5
Javi López,,,,,,,,,,,,,,,,,,,,,,,,,,,,,
Abdallahi Mahmoud,,,,,,,,,,,,,,,,,,,,,,,,,,,,,
John Guidetti,0.00,0.00,0.00,0.00,0,3.21,0.00,,0,,,,,,,,,,0,,,,,,,,0,,
Borja Sainz,,,,,,,,,,,,,,,,,,,,,,,,,,,,,
Luis Rioja,0.00,0.00,0.00,0.00,0,,,,0,,,,,,,,,,,,,,,,,,,,
Rodrigo Ely,0.53,0.00,0.53,0.53,1,0.53,0.53,0,0,52,65,1,24,27,1,0.53,0.00,2,1,1,8,6,1,0,0,94,3,7,19
Lucas Pérez,0.00,0.43,0.43,0.00,0,1.29,0.86,0,0,42,69,1,31,10,6,2.58,0.43,1,1,0,34,10,1,1,3,436,1,1,14
Tomás Pina Isla,0.00,0.00,0.00,0.00,0,0.00,0.00,0,0,34,44,1,30,3,1,0.55,0.00,1,1,0,22,6,5,0,0,122,7,5,17
Florian Lejeune,0.00,0.00,0.00,0.00,0,,,,0,,,,,,,,,,,,,,,,,,,,
Ximo Navarro,0.00,0.00,0.00,0.00,0,0.57,0.29,0,0,102,137,1,71,30,2,0.57,0.00,8,6,10,47,13,5,1,2,481,6,5,37
Deyverson,0.00,0.30,0.30,0.00,0,1.18,0.00,,0,,,,,,,,,,2,,,,,,,,3,,
Édgar Méndez,0.21,0.00,0.21,0.21,1,1.27,0.42,,0,,,,,,,,,,4,,,,,,,,8,,
Joselu,0.25,0.00,0.25,0.25,1,2.25,0.75,1,0,75,136,2,56,17,6,1.50,0.00,3,3,2,58,18,6,2,9,400,7,32,25
Oriol Rey,,,,,,,,,,,,,,,,,,,,,,,,,,,,,
Samuel Pérez,,,,,,,,,,,,,,,,,,,,,,,,,,,,,
Víctor Laguardia,0.00,0.00,0.00,0.00,0,0.43,0.22,0,0,99,144,1,47,51,1,0.22,0.00,2,1,4,39,13,10,1,0,288,5,10,52
Rodrigo Battaglia,0.00,0.00,0.00,0.00,0,0.41,0.21,,0,,,,,,,,,,6,,,,,,,,4,,
Rubén Duarte,0.00,0.00,0.00,0.00,0,0.47,0.00,0,0,162,244,1,128,33,8,1.87,0.23,14,9,4,75,28,13,0,1,639,10,14,55
Sergio López Galache,,,,,,,,,,,,,,,,,,,,,,,,,,,,,
Luismi,,,,,0,0.00,0.00,,0,,,,,,,,,,2,,,,,,,,2,,
Pere Pons,0.00,0.00,0.00,0.00,0,0.20,0.00,0,0,107,139,5,88,14,8,1.60,0.20,12,6,5,90,25,8,0,2,458,9,7,49
Miguel Ángel Rubio,,,,,,,,,,,,,,,,,,,,,,,,,,,,,
Kuki,,,,,,,,,,,,,,,,,,,,,,,,,,,,,
Gaizka Campos Bahillo,,,,,,,,,,,,,,,,,,,,,,,,,,,,,
Fran Delgado,,,,,,,,,,,,,,,,,,,,,,,,,,,,,
Dani Rebollo,,,,,,,,,,,,,,,,,,,,,,,,,,,,,
Carlos Marín,,,,,,,,,,,,,,,,,,,,,,,,,,,,,
Jordi Masip,0.00,0.00,0.00,0.00,,,,,,22,42,0,7,15,0,0.00,0.00,0,0,0,0,0,0,0,0,102,0,0,7
Víctor Ruiz,,,,,0,0.40,0.18,,0,,,,,,,,,,10,,,,,,,,28,,
Geovanni Barba,,,,,,,,,,,,,,,,,,,,,,,,,,,,,
Diego Lainez,0.00,0.00,0.00,0.00,0,0.00,0.00,0,0,3,3,0,1,2,1,90.00,90.00,0,0,0,0,0,0,0,0,8,0,0,0
Iñigo Vicente,,,,,,,,,,,,,,,,,,,,,,,,,,,,,
Asier Villalibre,,,,,,,,,,,,,,,,,,,,,,,,,,,,,
Paul Akouokou,,,,,,,,,,,,,,,,,,,,,,,,,,,,,
Andrés Guardado,0.00,0.00,0.00,0.00,0,0.00,0.00,0,0,1,1,0,1,0,0,0.00,0.00,0,0,0,0,0,0,0,0,0,0,0,0
Iñigo Córdoba,0.00,0.00,0.00,0.00,0,1.43,0.00,0,0,11,28,2,8,1,0,0.00,0.00,0,0,1,9,4,0,0,0,75,2,2,9
Martín Montoya,0.00,0.00,0.00,0.00,0,4.09,0.00,0,0,7,8,0,7,0,0,0.00,0.00,2,0,2,9,0,0,0,0,35,0,2,3
Álex Berenguer,0.00,0.00,0.00,0.00,0,0.00,0.00,0,0,8,10,1,5,2,1,6.92,0.00,2,1,0,6,3,1,0,1,95,0,0,0
Yeray Álvarez,0.00,0.00,0.00,0.00,0,0.00,0.00,0,0,63,70,0,47,16,0,0.00,0.00,0,0,0,10,2,0,0,0,473,0,3,15
Oihan Sancet,,,,,,,,,,,,,,,,,,,,,,,,,,,,,
Mikel Vesga,0.00,0.00,0.00,0.00,0,0.00,0.00,0,0,20,31,0,10,10,0,0.00,0.00,3,3,2,13,4,0,0,0,106,2,3,14
Iker Muniain,0.00,0.00,0.00,0.00,0,0.36,0.36,0,0,93,115,1,76,16,7,2.53,0.00,3,1,3,44,13,1,0,0,518,2,4,21
Jon Morcillo,,,,,,,,,,,,,,,,,,,,,,,,,,,,,
Mikel Balenziaga,0.00,0.00,0.00,0.00,0,0.00,0.00,0,0,56,73,0,47,9,1,0.68,0.00,2,0,0,15,5,4,0,0,209,2,1,15
Óscar de Marcos,0.00,0.00,0.00,0.00,0,1.00,1.00,0,0,31,49,0,29,2,0,0.00,0.00,2,2,2,11,4,2,0,0,176,0,0,7
Unai López,0.62,0.00,0.62,0.62,2,1.24,0.93,0,0,161,208,3,115,43,7,2.16,0.00,7,5,5,47,19,5,0,0,868,1,2,37
Iñaki Williams,0.00,0.35,0.35,0.00,0,1.74,0.00,0,0,31,48,4,26,1,2,0.70,0.35,2,1,0,27,11,0,0,3,225,4,4,0
Unai Núñez,0.00,0.00,0.00,0.00,0,1.00,0.33,0,0,143,165,0,75,68,3,1.00,0.00,3,2,3,18,11,1,1,1,653,5,12,46
Yuri Berchiche,0.00,0.00,0.00,0.00,0,1.18,0.39,0,0,122,153,3,83,36,5,1.97,0.00,4,3,4,32,15,2,0,3,708,4,4,35
Unai Simón,0.00,0.00,0.00,0.00,,,,,,93,145,1,32,60,1,0.25,0.00,0,0,1,2,1,0,0,0,452,0,0,33
Andoni Zubiaurre,,,,,,,,,,,,,,,,,,,,,,,,,,,,,
Raúl García,0.00,0.00,0.00,0.00,0,2.63,0.53,0,0,54,117,4,36,14,3,0.79,0.00,4,2,1,51,17,13,0,0,231,8,39,31
Dani García,0.00,0.00,0.00,0.00,0,0.00,0.00,0,0,139,183,3,85,51,4,1.07,0.00,4,3,9,51,21,7,0,1,700,3,11,58
Ander Capa,0.00,0.28,0.28,0.00,0,0.56,0.28,0,0,143,196,2,114,27,8,2.25,0.28,4,2,7,41,17,7,0,4,817,3,6,45
Joseba Zaldúa,,,,,0,0.28,0.07,0,0,1227,1560,18,1015,194,31,1.10,0.28,62,39,64,309,81,56,8,17,5276,41,77,258
Jon Pacheco,,,,,,,,,,,,,,,,,,,,,,,,,,,,,
Roberto Navarro,,,,,,,,,,,,,,,,,,,,,,,,,,,,,
Martín Merquelanz,,,,,,,,,,,,,,,,,,,,,,,,,,,,,
Jon Guridi,,,,,,,,,,,,,,,,,,,,,,,,,,,,,
Jérémy Blasco,,,,,,,,,,,,,,,,,,,,,,,,,,,,,
Aritz Arambarri,,,,,,,,,,,,,,,,,,,,,,,,,,,,,
Urko González,,,,,,,,,,,,,,,,,,,,,,,,,,,,,
Modibo Sagnan,,,,,0,,,,0,,,,,,,,,,,,,,,,,,,,
Julen Lobete,,,,,,,,,,,,,,,,,,,,,,,,,,,,,
Jon Bautista,0.00,0.00,0.00,0.00,0,,,,0,,,,,,,,,,,,,,,,,,,,
Miguel Ángel Moyá,,,,,,,,,,363,458,1,189,173,0,0.00,0.00,0,0,1,2,1,0,0,2,1002,0,0,70
Willian José,0.00,0.00,0.00,0.00,0,0.00,0.00,0,0,4,4,1,3,0,0,0.00,0.00,0,0,0,2,0,0,0,0,28,0,0,0
Maranhão,,,,,,,,,,,,,,,,,,,,,,,,,,,,,
Shon Weissman,,,,,,,,,,,,,,,,,,,,,,,,,,,,,
José Campaña,0.00,0.25,0.25,0.00,0,1.50,0.75,0,0,168,224,3,125,40,9,2.25,0.50,5,4,4,59,12,2,0,20,1345,5,2,33
Fernando Pacheco,0.00,0.00,0.00,0.00,,,,,,99,144,2,34,63,0,0.00,0.00,0,0,0,0,0,0,0,0,293,0,0,20
Javi Moyano,0.00,0.00,0.00,0.00,0,0.00,0.00,0,0,28,41,0,20,8,0,0.00,0.00,0,0,3,8,1,2,0,0,74,0,3,9
Jawad El Yamiq,0.00,0.00,0.00,0.00,0,0.96,0.00,,0,,,,,,,,,,1,,,,,,,,2,,
Luis Pérez,0.00,0.00,0.00,0.00,0,,,,0,,,,,,,,,,,,,,,,,,,,
Kike Pérez,,,,,,,,,,,,,,,,,,,,,,,,,,,,,
Joaquín Fernández,0.00,0.00,0.00,0.00,0,0.00,0.00,0,0,41,47,0,26,15,0,0.00,0.00,1,0,0,5,2,1,1,0,134,1,6,12
Toni Villa,0.54,0.00,0.54,0.54,1,1.08,0.54,0,0,40,51,0,33,7,10,5.42,0.00,2,2,7,41,14,4,0,6,461,4,0,12
Pablo Hervías,0.00,0.00,0.00,0.00,0,0.89,0.00,1,0,78,109,0,62,16,8,3.56,0.00,8,5,8,37,12,3,0,2,904,3,0,15
Waldo Rubio,0.00,0.00,0.00,0.00,0,2.73,0.45,0,0,44,59,1,29,14,3,1.36,0.00,2,2,5,46,11,6,0,0,379,3,0,19
Raúl García,0.00,0.00,0.00,0.00,0,0.61,0.61,0,0,51,75,2,41,8,2,1.22,0.00,4,0,7,30,5,4,1,1,270,2,4,16
Javi Sánchez,0.00,0.00,0.00,0.00,0,0.30,0.00,0,0,83,106,0,39,44,2,0.60,0.00,6,2,2,23,3,7,3,1,490,4,4,19
Míchel,0.45,0.00,0.45,0.45,1,0.45,0.45,0,0,71,100,1,45,25,5,2.25,0.00,1,1,5,42,7,4,0,1,382,4,1,24
Nacho,0.00,0.25,0.25,0.00,0,0.75,0.25,2,0,154,218,1,113,40,10,2.50,0.25,3,2,11,58,19,6,0,2,652,3,1,42
Óscar Plano,0.00,0.00,0.00,0.00,0,1.09,0.00,0,0,64,78,4,55,5,7,2.54,0.00,6,4,5,38,8,9,0,1,339,3,6,14
Sergi Guardiola,0.26,0.26,0.26,0.00,1,2.05,0.26,1,1,59,89,1,51,7,7,1.79,0.51,0,0,3,68,19,2,1,6,486,7,10,19
Roberto,0.00,0.00,0.00,0.00,0,0.00,0.00,0,0,71,125,0,20,51,0,0.00,0.00,0,0,1,0,0,0,0,0,155,0,0,21
Aitor Ruibal,0.00,0.00,0.00,0.00,0,,,,0,,,,,,,,,,,,,,,,,,,,
Loren Morón,0.00,0.00,0.00,0.00,0,2.43,0.00,0,0,2,6,0,2,0,0,0.00,0.00,0,0,1,11,3,1,0,0,21,0,1,2
Fabián Orellana,0.00,0.00,0.00,0.00,0,1.24,0.99,0,0,103,152,1,78,24,13,3.22,0.00,5,1,6,57,9,7,0,3,790,2,2,27
Bruno González,0.00,0.00,0.00,0.00,0,0.75,0.25,0,0,86,111,0,46,40,1,0.25,0.00,6,4,5,46,14,6,2,2,373,6,9,42
Borja Iglesias,0.00,0.00,0.00,0.00,0,0.86,0.00,0,0,27,37,1,23,3,4,1.72,0.00,0,0,2,31,6,0,0,0,123,7,2,6
Juanmi,0.00,0.00,0.00,0.00,0,1.10,0.00,0,0,25,34,1,22,2,0,0.00,0.00,2,2,2,21,7,1,0,0,126,1,1,6
Cristian Tello,1.02,0.00,1.02,1.02,2,3.07,1.02,0,0,71,82,1,61,9,9,4.60,0.00,5,5,9,44,10,6,0,1,431,3,1,14
Sidnei,0.00,0.00,0.00,0.00,0,0.50,0.00,0,0,120,127,2,74,44,0,0.00,0.00,6,2,2,16,4,2,1,0,487,1,4,24
Claudio Bravo,,,,,0,0.00,0.00,0,0,28,54,0,11,17,0,0.00,0.00,0,0,0,0,0,0,0,0,101,0,0,10
Joel Robles,0.00,0.00,0.00,0.00,,,,,,63,98,0,30,33,1,0.33,0.00,0,0,0,0,0,0,0,0,222,0,0,16
Joaquín,0.00,0.65,0.65,0.00,0,0.97,0.65,0,0,143,182,3,113,27,15,4.87,0.65,2,1,4,26,7,5,0,5,889,2,3,17
Antonio Sanabria,0.00,0.00,0.00,0.00,0,2.57,1.47,0,0,46,58,2,37,7,3,1.10,0.00,2,1,2,47,8,2,0,4,392,6,8,11
Sergio Canales,0.20,0.40,0.60,0.20,1,2.00,0.60,3,0,263,327,6,193,64,29,5.80,1.00,2,2,5,61,21,6,0,9,1595,4,3,32
Guido Rodríguez,0.00,0.00,0.00,0.00,0,1.11,0.00,,0,,,,,,,,,,9,,,,,,,,8,,
Álex Moreno,0.00,0.00,0.00,0.00,0,0.60,0.20,0,0,253,323,5,211,37,5,1.00,0.00,10,4,11,74,20,5,3,4,1083,5,7,75
Emerson,0.00,0.00,0.00,0.00,0,0.27,0.00,0,0,207,257,3,184,20,12,3.21,0.00,14,8,13,65,19,8,2,2,677,7,4,38
Aïssa Mandi,0.26,0.00,0.26,0.26,1,0.26,0.26,0,0,187,212,1,106,80,4,1.02,0.00,6,6,3,35,15,8,3,0,553,4,13,43
Gerónimo Rulli,,,,,,,,,,673,883,0,277,396,7,0.28,0.04,0,0,1,2,0,1,0,0,2156,2,0,141
Nabil Fekir,0.24,0.47,0.47,0.00,1,3.08,0.71,1,1,143,166,6,121,16,18,4.26,0.24,6,6,3,97,24,5,0,10,1116,14,4,24
William Carvalho,0.55,0.00,0.55,0.55,2,1.91,1.09,0,0,198,237,1,169,28,3,0.82,0.00,5,4,3,38,11,0,0,5,637,2,6,35
José Cabrera,,,,,,,,,,,,,,,,,,,,,,,,,,,,,
Alejandro Baena,,,,,,,,,,,,,,,,,,,,,,,,,,,,,
Fernando Niño,,,,,,,,,,,,,,,,,,,,,,,,,,,,,
Quini,,,,,0,,,,0,,,,,,,,,,,,,,,,,,,,
Dani Raba,,,,,4,2.01,0.87,,1,,,,,,,,,,17,,,,,,,,30,,
Aarón Escandell,,,,,,,,,,,,,,,,,,,,,,,,,,,,,
João Paulo Santos Costa,,,,,,,,,,,,,,,,,,,,,,,,,,,,,
Javier Ontiveros,,,,,0,,,,0,,,,,,,,,,,,,,,,,,,,
Igor Zubeldia,0.00,0.00,0.00,0.00,0,1.00,0.00,0,0,39,46,0,26,13,0,0.00,0.00,2,1,0,10,2,2,0,1,172,2,2,8
Antonio Cortés,,,,,1,4.50,4.50,,0,,,,,,,,,,1,,,,,,,,0,,
Luis Javier Suárez,0.00,0.00,0.00,0.00,0,,,,0,,,,,,,,,,,,,,,,,,,,
Yan Brice Eteki,0.00,0.00,0.00,0.00,0,,,,0,,,,,,,,,,,,,,,,,,,,
Roberto López,1.58,0.00,1.58,1.58,2,3.95,1.58,2,0,44,68,2,34,8,1,0.79,0.00,3,2,1,13,4,1,0,0,128,0,4,18
Iñigo Martínez,0.00,0.00,0.00,0.00,0,0.50,0.25,0,0,179,228,1,99,79,2,0.50,0.00,5,2,1,34,13,4,0,1,1153,8,20,54
Martín Zubimendi,0.00,0.00,0.00,0.00,0,0.00,0.00,0,0,82,89,2,60,20,3,1.61,0.54,3,3,0,20,8,2,0,0,492,5,4,18
Ander Guevara,0.00,0.00,0.00,0.00,0,0.45,0.00,0,0,101,124,1,77,23,2,0.91,0.00,6,4,4,25,10,2,0,0,449,2,6,30
Ander Barrenetxea,0.00,0.00,0.00,0.00,0,1.14,0.38,0,0,50,71,3,40,7,6,2.28,0.38,5,4,2,43,14,8,0,8,656,8,3,18
Adnan Januzaj,0.76,0.00,0.00,0.00,1,3.78,1.51,2,1,49,69,3,39,7,9,6.81,0.76,3,1,2,17,4,0,0,7,472,0,1,8
Diego Llorente,,,,,0,0.00,0.00,0,0,48,54,0,31,17,0,0.00,0.00,1,0,1,7,2,1,1,0,246,2,2,6
Aihen Muñoz,0.00,0.00,0.00,0.00,0,1.00,0.33,0,0,94,138,0,74,20,1,0.33,0.00,7,5,6,28,9,7,1,5,381,5,3,34
Nacho Monreal,0.00,0.00,0.00,0.00,0,0.50,0.00,0,0,95,120,2,75,18,0,0.00,0.00,2,0,1,16,8,1,1,1,209,1,6,22
Andoni Gorosabel,0.00,0.00,0.00,0.00,0,0.42,0.00,0,0,199,259,4,167,28,15,3.12,0.21,13,8,15,61,15,5,1,3,969,9,2,39
Mikel Oyarzabal,0.32,0.32,0.32,0.00,1,2.57,0.32,0,1,97,138,2,74,21,12,3.86,0.96,7,6,9,57,22,4,0,5,570,4,1,21
Robin Le Normand,0.00,0.00,0.00,0.00,0,0.75,0.25,0,0,180,205,3,107,70,0,0.00,0.00,4,2,1,20,5,6,2,0,749,6,18,46
David Silva,0.00,0.00,0.00,0.00,0,1.42,0.00,1,0,135,155,3,103,29,13,4.61,0.35,4,3,3,41,14,4,0,1,571,8,4,29
Alexander Isak,0.00,0.00,0.00,0.00,0,,,,0,,,,,,,,,,,,,,,,,,,,
Portu,0.50,0.00,0.50,0.50,2,0.75,0.50,0,0,56,92,5,47,4,11,2.75,0.50,4,2,1,42,9,3,0,4,513,7,5,20
Aimar Oroz,,,,,,,,,,,,,,,,,,,,,,,,,,,,,
Gorka Zabarte,,,,,,,,,,,,,,,,,,,,,,,,,,,,,
Juan Pérez,,,,,,,,,,,,,,,,,,,,,,,,,,,,,
Mikel Merino,0.20,0.40,0.60,0.20,1,2.00,0.80,0,0,184,255,6,149,29,10,2.00,0.40,12,9,8,75,27,11,3,6,899,16,27,57
Álex Remiro,,,,,,,,,,,,,,,,,,,,,,,,,,,,,
Javi Martínez,,,,,,,,,,,,,,,,,,,,,,,,,,,,,
Javier Delgado,,,,,,,,,,,,,,,,,,,,,,,,,,,,,
Rubén,,,,,,,,,,,,,,,,,,,,,,,,,,,,,
Sofian Chakla,,,,,,,,,,,,,,,,,,,,,,,,,,,,,
Asier Córdoba,,,,,,,,,,,,,,,,,,,,,,,,,,,,,
Marc Cardona,0.00,0.00,0.00,0.00,0,1.70,1.70,0,0,17,28,1,16,0,0,0.00,0.00,0,0,1,9,2,1,0,1,74,3,0,7
Fede San Emeterio,0.00,0.00,0.00,0.00,0,,,,0,,,,,,,,,,,,,,,,,,,,
Marc Bartra,0.00,0.00,0.00,0.00,0,0.80,0.60,0,0,196,242,3,138,55,2,0.40,0.00,8,5,7,69,21,10,2,3,641,12,14,55
Takefusa Kubo,0.00,0.00,0.00,0.00,0,6.10,4.58,,0,,,,,,,,,,1,,,,,,,,2,,
Carlos Bacca,0.00,0.00,0.00,0.00,0,0.00,0.00,0,0,6,8,0,4,2,1,6.00,0.00,0,0,0,4,1,0,0,0,17,1,1,0
Ramiro Funes Mori,0.00,0.00,0.00,0.00,0,0.00,0.00,0,0,7,7,0,4,3,0,0.00,0.00,0,0,0,1,0,0,0,0,31,0,1,4
Jaume Costa,0.00,0.00,0.00,0.00,0,0.00,0.00,0,0,6,11,0,4,2,0,0.00,0.00,0,0,0,0,0,0,0,1,88,0,0,3
Rubén Peña,0.00,0.00,0.00,0.00,0,0.00,0.00,0,0,48,63,0,45,3,0,0.00,0.00,2,1,2,12,2,3,0,2,303,1,0,9
Alfonso Pedraza,0.00,0.00,0.00,0.00,0,0.00,0.00,0,0,77,92,0,66,11,4,2.45,0.00,1,1,2,9,5,6,0,0,534,2,4,17
Manu Trigueros,0.00,0.00,0.00,0.00,0,0.86,0.00,0,0,118,142,2,97,19,1,0.43,0.00,9,8,8,42,14,2,1,3,540,5,1,17
Samuel Chukwueze,0.00,0.33,0.33,0.00,0,1.64,0.00,0,0,80,113,3,61,16,8,2.63,0.33,7,2,4,39,10,0,0,5,988,2,4,23
Vicente Iborra,0.00,0.00,0.00,0.00,0,0.66,0.00,0,0,168,185,1,117,50,3,0.99,0.00,2,2,4,30,7,4,3,1,575,6,6,25
Pervis Estupiñán,0.00,0.00,0.00,0.00,0,,,,0,,,,,,,,,,,,,,,,,,,,
Mario Gaspar,0.00,0.24,0.24,0.00,0,0.96,0.48,0,0,193,224,1,156,36,7,1.68,0.48,7,2,11,48,12,11,1,2,853,4,6,24
Francis Coquelin,0.00,0.00,0.00,0.00,0,1.01,0.00,0,0,90,102,1,73,16,3,1.52,0.00,6,5,4,26,13,4,1,3,357,3,3,22
Pau Torres,0.00,0.00,0.00,0.00,0,,,,0,,,,,,,,,,,,,,,,,,,,
Paco Alcácer,0.75,0.00,0.75,0.75,3,2.01,1.25,0,0,45,66,1,36,8,2,0.50,0.25,1,1,1,26,9,2,0,1,201,1,2,15
Raúl Albiol,0.00,0.00,0.00,0.00,0,0.21,0.00,0,0,248,289,0,141,107,3,0.63,0.00,1,1,3,23,12,6,2,2,1548,1,7,42
Gerard Moreno,0.62,0.21,0.41,0.21,3,2.69,1.03,0,2,135,204,3,103,29,11,2.28,0.41,5,3,12,47,12,6,0,15,996,7,13,25
Arnau Tenas,,,,,,,,,,,,,,,,,,,,,,,,,,,,,
Santiago Ramos,,,,,,,,,,,,,,,,,,,,,,,,,,,,,
Moi Gómez,0.00,0.00,0.00,0.00,0,0.20,0.00,0,0,170,221,2,132,36,12,2.45,0.20,5,4,7,59,19,8,0,9,1087,0,1,27
Riqui Puig,,,,,0,1.24,0.71,,0,,,,,,,,,,6,,,,,,,,9,,
Iñaki,,,,,,,,,,,,,,,,,,,,,,,,,,,,,
Junior Firpo,,,,,1,0.36,0.09,0,0,749,834,18,669,62,15,1.33,0.27,24,14,21,124,30,26,2,11,3417,35,10,81
Daniel Parejo,0.00,0.00,0.00,0.00,0,0.40,0.00,1,0,344,387,2,252,90,17,3.40,0.40,15,8,12,118,27,11,2,5,1268,5,5,63
Carles Aleñá,,,,,0,0.52,0.52,0,0,143,156,3,106,34,2,1.05,0.52,2,1,5,38,6,2,0,2,596,3,2,12
Konrad De La Fuente,,,,,,,,,,,,,,,,,,,,,,,,,,,,,
Rafinha,,,,,0,2.90,0.48,0,0,142,164,2,117,23,13,6.29,0.00,3,3,1,14,5,1,0,5,1010,3,0,19
Alberto Soro,0.00,0.00,0.00,0.00,0,,,,0,,,,,,,,,,,,,,,,,,,,
Martin Braithwaite,,,,,1,2.87,1.77,0,0,99,128,3,91,5,8,1.77,0.22,3,1,2,45,15,1,0,5,714,8,6,15
Germán Sánchez,0.46,0.00,0.46,0.46,1,,,,0,,,,,,,,,,,,,,,,,,,,
Kenedy,,,,,0,2.85,0.00,1,0,31,43,1,24,6,2,1.14,0.57,2,1,1,33,8,1,0,6,305,3,2,17
Fede Vico,0.00,0.00,0.00,0.00,0,,,,0,,,,,,,,,,,,,,,,,,,,
Ángel Montoro,0.00,1.02,1.02,0.00,0,,,,0,,,,,,,,,,,,,,,,,,,,
Víctor Díaz,0.00,0.00,0.00,0.00,0,,,,0,,,,,,,,,,,,,,,,,,,,
Ramon Azeez,0.00,0.00,0.00,0.00,0,,,,0,,,,,,,,,,,,,,,,,,,,
Jorge Molina,0.57,0.00,0.57,0.57,1,1.14,0.57,0,0,41,51,0,34,7,3,1.71,0.00,3,1,3,20,10,1,0,1,114,3,5,7
Roberto Soldado,0.47,0.00,0.47,0.47,1,1.41,0.47,,0,,,,,,,,,,1,,,,,,,,1,,
Luis Milla,0.27,0.00,0.27,0.27,1,,,,0,,,,,,,,,,,,,,,,,,,,
Maxime Gonalons,0.00,0.00,0.00,0.00,0,0.00,0.00,0,0,102,122,1,65,36,2,0.86,0.00,12,8,6,40,13,2,0,3,613,6,7,39
Jesús Vallejo,0.00,0.00,0.00,0.00,0,0.00,0.00,0,0,118,146,0,60,58,0,0.00,0.00,4,1,7,27,9,7,4,1,804,3,7,24
Domingos Duarte,0.00,0.00,0.00,0.00,0,,,,0,,,,,,,,,,,,,,,,,,,,
Yangel Herrera,0.30,0.00,0.30,0.30,1,1.79,0.60,0,0,90,131,0,72,18,3,0.89,0.00,9,8,13,82,28,8,1,2,563,13,14,29
Darwin Machís,0.44,0.44,0.88,0.44,1,,,,0,,,,,,,,,,,,,,,,,,,,
Antonio Puertas,0.00,0.00,0.00,0.00,0,,,,0,,,,,,,,,,,,,,,,,,,,
Carlos Neva,0.00,0.00,0.00,0.00,0,,,,0,,,,,,,,,,,,,,,,,,,,
Lucas Torró,0.00,0.61,0.61,0.00,0,2.43,0.61,0,0,44,58,3,36,5,7,4.26,0.61,4,2,5,36,10,2,1,2,163,8,11,25
Rui Silva,0.00,0.00,0.00,0.00,,,,,,,,,,,,,,,,,,,,,,,,,
Enric Gallego,0.00,0.00,0.00,0.00,0,2.25,0.00,0,0,13,26,1,11,1,1,1.13,0.00,0,0,1,10,2,0,0,0,62,4,9,3
Jony,0.00,0.00,0.00,0.00,0,1.58,1.58,0,0,12,21,0,6,6,3,4.74,0.00,0,0,0,5,0,0,0,2,158,0,0,4
Unai García,0.00,0.00,0.00,0.00,0,,,,0,,,,,,,,,,,,,,,,,,,,
Raúl Navas,0.00,0.00,0.00,0.00,0,0.00,0.00,0,0,19,29,1,9,9,1,1.15,0.00,3,3,4,9,4,3,0,0,85,2,1,8
Kike Barja,0.00,1.07,1.07,0.00,0,,,,0,,,,,,,,,,,,,,,,,,,,
Aritz Elustondo,0.00,0.00,0.00,0.00,0,0.00,0.00,0,0,212,257,1,129,82,2,0.40,0.20,2,1,5,33,10,8,4,1,1228,6,14,50
Aridane Hernández,0.00,0.00,0.00,0.00,0,,,,0,,,,,,,,,,,,,,,,,,,,
Nacho Vidal,0.00,0.00,0.00,0.00,0,,,,0,,,,,,,,,,,,,,,,,,,,
Roberto Torres,0.40,0.00,0.40,0.40,1,,,,0,,,,,,,,,,,,,,,,,,,,
Juan Cruz Armada,0.00,0.00,0.00,0.00,0,,,,0,,,,,,,,,,,,,,,,,,,,
Facundo Roncaglia,0.58,0.58,1.16,0.58,1,1.74,0.58,0,0,33,59,0,20,13,4,2.32,0.58,4,3,3,18,9,1,0,1,233,1,6,18
Jonathan Calleri,0.51,0.00,0.51,0.51,1,3.03,1.01,0,0,21,34,0,19,2,5,2.53,0.51,1,0,3,31,7,6,1,2,192,6,11,7
Adrián López,0.43,0.43,0.86,0.43,1,1.71,0.86,,0,,,,,,,,,,1,,,,,,,,2,,
Jon Moncayola,,,,,,,,,,,,,,,,,,,,,,,,,,,,,
Iñigo Pérez,0.00,0.00,0.00,0.00,0,,,,0,,,,,,,,,,,,,,,,,,,,
Ivan Šaponjić,,,,,,,,,,,,,,,,,,,,,,,,,,,,,
Ricard Sánchez,,,,,,,,,,,,,,,,,,,,,,,,,,,,,
Manuel Sánchez,,,,,,,,,,,,,,,,,,,,,,,,,,,,,
Sergio Herrera,0.00,0.00,0.00,0.00,,,,,,,,,,,,,,,,,,,,,,,,,
Oier Sanjurjo,0.00,0.26,0.26,0.00,0,,,,0,,,,,,,,,,,,,,,,,,,,
Rubén García,0.25,0.00,0.25,0.25,1,,,,0,,,,,,,,,,,,,,,,,,,,
Victor Mollejo,,,,,,,,,,,,,,,,,,,,,,,,,,,,,
Nehuén Pérez,,,,,,,,,,,,,,,,,,,,,,,,,,,,,
Cristian,,,,,,,,,,,,,,,,,,,,,,,,,,,,,
Nicholas Opoku,,,,,0,0.00,0.00,,0,,,,,,,,,,,,,,,,,,2,,
Guillem Molina Gutiérrez,,,,,,,,,,,,,,,,,,,,,,,,,,,,,
Koba Koindredi,,,,,,,,,,,,,,,,,,,,,,,,,,,,,
Carlos Soler,0.00,0.00,0.00,0.00,0,0.00,0.00,0,0,6,8,1,4,1,0,0.00,0.00,0,0,1,9,2,0,0,0,17,0,0,2
Jasper Cillessen,,,,,,,,,,474,759,6,256,212,3,0.13,0.04,0,0,1,1,1,0,0,0,1662,0,0,127
Sergio Asenjo,0.00,0.00,0.00,0.00,,,,,,149,193,0,76,73,0,0.00,0.00,0,0,1,1,0,0,0,0,500,0,0,18
Rubén Sobrino,0.00,0.00,0.00,0.00,0,0.00,0.00,0,0,5,7,0,4,1,0,0.00,0.00,0,0,0,1,0,1,0,0,22,1,0,3
Sergiño Dest,0.00,0.00,0.00,0.00,0,0.00,0.00,,0,,,,,,,,,,0,,,,,,,,0,,
Toni Lato,,,,,0,0.00,0.00,,0,,,,,,,,,,0,,,,,,,,1,,
Ousmane Dembélé,0.00,0.00,0.00,0.00,0,0.00,0.00,0,0,11,12,0,9,2,2,8.57,0.00,0,0,0,3,2,1,0,0,92,0,0,1
Ronald Araújo,0.00,0.00,0.00,0.00,0,,,,0,,,,,,,,,,,,,,,,,,,,
Francisco Trincão,0.00,0.00,0.00,0.00,0,4.35,2.90,,0,,,,,,,,,,0,,,,,,,,0,,
Pedri,,,,,,,,,,,,,,,,,,,,,,,,,,,,,
Denis Cheryshev,0.00,4.50,4.50,0.00,0,0.00,0.00,0,0,10,14,0,7,3,3,13.50,4.50,0,0,0,1,0,0,0,0,117,1,1,5
Ansu Fati,,,,,,,,,,,,,,,,,,,,,,,,,,,,,
Miralem Pjanić,0.00,0.00,0.00,0.00,0,3.10,0.00,1,0,33,37,0,27,6,2,6.21,0.00,1,1,0,8,1,0,0,0,73,1,1,7
Antoine Griezmann,0.00,0.00,0.00,0.00,0,1.49,0.00,0,0,57,65,4,47,6,0,0.00,0.00,2,2,3,27,7,1,0,0,260,1,1,4
Clément Lenglet,0.00,0.00,0.00,0.00,0,0.00,0.00,0,0,87,99,1,61,25,2,1.37,1.37,2,0,3,24,6,1,0,2,376,4,2,16
Sergi Roberto,0.33,0.00,0.33,0.33,1,1.00,0.33,0,0,187,210,4,168,15,2,0.67,0.00,3,2,4,21,5,9,4,0,801,2,1,28
Philippe Coutinho,0.42,0.84,1.26,0.42,1,2.10,1.26,0,0,129,145,1,109,19,6,2.52,1.26,5,4,1,29,9,3,0,5,806,4,2,8
Jordi Alba,0.00,0.35,0.35,0.00,0,0.71,0.71,1,0,196,229,3,172,21,3,1.06,0.35,2,0,6,32,9,12,1,3,672,4,0,28
Sergio Busquets,0.00,0.00,0.00,0.00,0,0.00,0.00,0,0,203,231,7,163,33,6,2.10,0.00,5,4,7,49,19,7,1,0,405,5,1,24
Neto,0.00,0.00,0.00,0.00,0,0.00,0.00,0,0,97,115,2,63,32,1,0.33,0.00,0,0,0,0,0,0,0,0,249,0,0,11
Gerard Piqué,0.00,0.00,0.00,0.00,0,0.00,0.00,0,0,174,189,2,127,45,0,0.00,0.00,2,1,1,18,8,2,0,0,745,2,2,37
David García,0.00,0.00,0.00,0.00,0,,,,0,,,,,,,,,,,,,,,,,,,,
Ivo Grbić,,,,,,,,,,,,,,,,,,,,,,,,,,,,,
Sergio Camello,,,,,,,,,,,,,,,,,,,,,,,,,,,,,
Lionel Messi,0.33,0.00,0.00,0.00,1,3.67,1.67,1,1,175,214,8,151,16,16,5.33,0.67,1,1,3,31,10,2,1,10,1150,4,2,8
Dimitri Foulquier,0.00,0.00,0.00,0.00,0,0.00,0.00,0,0,127,164,2,107,18,2,0.50,0.00,6,2,5,48,13,3,0,4,626,1,3,41
Thomas Lemar,0.00,0.00,0.00,0.00,0,0.00,0.00,0,0,16,16,0,14,2,0,0.00,0.00,0,0,0,5,2,0,0,1,106,2,0,2
Marcos Llorente,0.89,0.89,1.78,0.89,1,3.56,0.89,0,0,42,55,3,34,5,3,2.67,0.89,1,0,0,21,8,2,0,2,219,1,1,14
Héctor Herrera,0.00,0.00,0.00,0.00,0,0.00,0.00,,0,,,,,,,,,,1,,,,,,,,1,,
Vitolo,0.00,0.00,0.00,0.00,0,0.00,0.00,0,0,25,29,2,20,3,2,3.05,1.53,1,1,1,11,2,0,0,0,76,0,2,4
Koke,0.00,0.00,0.00,0.00,0,1.12,0.00,0,0,111,123,2,90,19,7,3.91,0.56,4,1,9,34,9,2,0,1,397,3,0,16
Yannick Carrasco,0.00,0.00,0.00,0.00,0,1.49,0.74,,0,,,,,,,,,,3,,,,,,,,1,,
Luis Suárez,1.19,0.60,1.79,1.19,2,5.36,1.79,0,0,32,45,1,27,4,5,2.98,1.19,0,0,0,14,4,1,0,1,148,0,0,5
Mario Hermoso,0.00,0.00,0.00,0.00,0,0.00,0.00,0,0,83,91,1,60,22,1,1.00,0.00,1,0,0,4,1,0,0,1,449,0,5,10
Diego Costa,0.76,0.00,0.76,0.76,1,1.51,1.51,0,0,27,34,1,25,1,4,3.03,0.76,0,0,0,12,3,0,0,0,90,1,3,0
Ángel Correa,0.47,0.95,1.42,0.47,1,0.95,0.47,0,0,53,70,2,47,4,5,2.37,0.95,1,1,4,41,13,5,0,5,330,3,0,10
Saúl Ñíguez,0.00,0.00,0.00,0.00,0,1.06,0.35,0,0,158,184,4,136,18,3,1.06,0.00,5,3,6,47,15,2,0,2,528,4,9,37
Renan Lodi,0.00,0.00,0.00,0.00,0,1.33,0.33,,0,,,,,,,,,,7,,,,,,,,5,,
João Félix,0.38,0.38,0.77,0.38,1,3.45,0.77,,0,,,,,,,,,,1,,,,,,,,3,,
Thomas Partey,0.00,0.00,0.00,0.00,0,1.80,0.00,0,0,196,221,3,141,52,5,2.25,0.00,10,7,5,50,15,4,1,7,998,5,3,26
Stefan Savić,0.00,0.00,0.00,0.00,0,0.50,0.00,0,0,114,133,2,81,31,0,0.00,0.00,3,3,2,10,6,0,0,0,464,1,5,28
Kieran Trippier,0.00,0.00,0.00,0.00,0,0.00,0.00,0,0,171,211,5,136,30,7,2.33,0.33,9,6,8,42,15,5,1,1,478,2,6,33
Jan Oblak,0.00,0.00,0.00,0.00,,,,,,58,77,0,35,23,0,0.00,0.00,0,0,0,0,0,0,0,0,225,0,0,17
Alejandro Blanco,0.00,0.00,0.00,0.00,0,0.85,0.00,,0,,,,,,,,,,0,,,,,,,,1,,
Uroš Račić,,,,,0,,,,0,,,,,,,,,,,,,,,,,,,,
Eliaquim Mangala,0.00,0.00,0.00,0.00,0,,,,0,,,,,,,,,,,,,,,,,,,,
Manu Vallejo,1.29,0.00,1.29,1.29,2,,,,0,,,,,,,,,,,,,,,,,,,,
Esquerdo,,,,,,,,,,,,,,,,,,,,,,,,,,,,,
Yunus Musah,,,,,,,,,,,,,,,,,,,,,,,,,,,,,
Thierry Correia,0.00,0.00,0.00,0.00,0,0.00,0.00,,0,,,,,,,,,,4,,,,,,,,1,,
Lee Kangin,0.00,0.80,0.80,0.00,0,1.20,0.40,0,0,69,79,0,54,15,10,4.00,0.80,2,2,5,70,12,2,0,3,608,1,1,12
Gabriel Paulista,0.50,0.00,0.50,0.50,1,1.50,1.00,0,0,82,93,2,49,31,1,0.50,0.00,2,2,3,13,3,2,2,0,334,2,5,12
Jason,0.00,0.00,0.00,0.00,0,0.49,0.00,0,0,32,45,0,28,4,1,0.49,0.49,4,2,7,48,11,6,2,3,423,2,0,10
Kévin Gameiro,0.00,0.00,0.00,0.00,0,0.70,0.00,0,0,21,27,0,18,3,2,1.41,0.00,2,2,3,40,16,1,0,0,133,3,2,7
Hugo Guillamón,,,,,,,,,,,,,,,,,,,,,,,,,,,,,
José Luis Gayà,0.00,0.20,0.20,0.00,0,0.20,0.00,1,0,168,242,1,124,43,8,1.60,0.40,9,6,10,56,20,4,0,4,989,5,6,38
Mouctar Diakhaby,0.00,0.00,0.00,0.00,0,0.21,0.00,0,0,152,176,1,94,57,0,0.00,0.00,3,1,3,18,5,8,4,0,797,2,9,38
Gonçalo Guedes,0.00,0.00,0.00,0.00,0,0.71,0.35,0,0,57,81,1,43,13,6,2.13,0.35,2,2,9,48,10,4,0,6,824,4,0,16
Daniel Wass,0.20,0.20,0.40,0.20,1,1.20,0.60,2,0,204,275,1,168,35,13,2.60,0.40,7,6,11,58,14,9,3,3,809,3,7,56
Geoffrey Kondogbia,0.00,0.00,0.00,0.00,0,0.82,0.41,1,0,161,189,0,99,62,5,1.02,0.20,15,10,15,119,37,4,1,6,982,8,5,41
Maxi Gómez,0.60,0.00,0.60,0.60,3,2.41,1.60,2,0,56,87,2,45,9,10,2.00,0.40,1,1,2,65,9,3,2,4,349,13,21,22
Kevin Vázquez,,,,,,,,,,,,,,,,,,,,,,,,,,,,,
Álvaro Vadillo,,,,,0,,,,0,,,,,,,,,,,,,,,,,,,,
Sergio Carreira,,,,,,,,,,,,,,,,,,,,,,,,,,,,,
Raúl Blanco,,,,,,,,,,,,,,,,,,,,,,,,,,,,,
Miguel Rodríguez,,,,,,,,,,,,,,,,,,,,,,,,,,,,,
Iago Domínguez,,,,,,,,,,,,,,,,,,,,,,,,,,,,,
Diego Pampín,,,,,,,,,,,,,,,,,,,,,,,,,,,,,
Jorge Sáenz,,,,,0,,,,0,,,,,,,,,,,,,,,,,,,,
David Juncà,,,,,0,0.00,0.00,0,0,115,152,2,93,20,3,1.05,0.00,4,3,2,32,8,3,1,3,691,5,3,24
Ante Palaversa,0.00,0.00,0.00,0.00,,,,,,,,,,,,,,,,,,,,,,,,,
Rubén Yáñez,,,,,,,,,,,,,,,,,,,,,,,,,,,,,
Frenkie de Jong,0.00,0.00,0.00,0.00,0,,,,0,,,,,,,,,,,,,,,,,,,,
Erick Cabaco,0.00,0.00,0.00,0.00,0,0.00,0.00,0,0,4,9,0,4,0,0,0.00,0.00,0,0,0,6,3,0,0,0,0,1,3,2
Chema,,,,,0,0.87,0.00,,0,,,,,,,,,,2,,,,,,,,7,,
Francisco Portillo,0.00,0.00,0.00,0.00,0,0.00,0.00,0,0,0,0,0,0,0,0,0.00,0.00,0,0,0,5,1,0,0,0,0,0,0,0
Enes Ünal,0.00,0.00,0.00,0.00,0,3.05,0.00,0,0,19,28,0,17,2,0,0.00,0.00,0,0,0,12,5,0,0,3,152,1,5,4
Cucho,0.00,0.69,0.69,0.00,0,1.38,0.35,0,0,63,95,3,48,12,8,2.77,1.04,5,3,3,85,22,5,1,4,584,5,7,19
Jaime Mata,0.47,0.00,0.47,0.47,1,0.94,0.94,0,0,42,65,2,34,6,2,0.94,0.00,1,1,0,34,10,2,1,1,246,5,4,7
David Timor,0.00,0.00,0.00,0.00,0,4.35,1.45,,0,,,,,,,,,,2,,,,,,,,1,,
Mathías Olivera,0.00,0.00,0.00,0.00,0,0.26,0.00,0,0,116,157,4,94,18,4,1.03,0.00,8,6,3,56,25,6,0,2,627,4,8,43
Ángel Rodríguez,0.93,0.00,0.93,0.93,2,1.40,1.40,0,0,33,41,2,24,7,6,2.80,0.00,0,0,0,42,7,0,0,1,272,2,4,13
David Soria,0.00,0.00,0.00,0.00,,,,,,67,153,0,15,52,1,0.25,0.00,0,0,0,0,0,0,0,0,519,0,0,26
Damián Suárez,0.00,0.00,0.00,0.00,0,0.53,0.26,0,0,123,185,1,98,24,1,0.26,0.00,12,8,9,91,27,11,1,0,422,9,10,42
Nemanja Maksimović,0.00,0.00,0.00,0.00,0,0.28,0.00,0,0,86,116,9,49,28,4,1.10,0.28,5,2,7,89,28,7,0,3,501,4,8,48
Allan Nyom,0.00,0.25,0.25,0.00,0,0.76,0.00,0,0,83,137,1,61,21,8,2.03,0.25,11,6,7,59,25,8,1,2,495,4,12,38
Jean-Pierre Rhyner,,,,,1,,,,0,,,,,,,,,,,,,,,,,,,,
Xabier Etxeita,0.00,0.00,0.00,0.00,0,0.50,0.00,0,0,75,122,1,42,32,0,0.00,0.00,6,4,7,40,17,3,1,1,292,7,8,61
Mauro Arambarri,0.00,0.00,0.00,0.00,0,0.76,0.00,1,0,80,133,1,48,31,8,2.03,0.00,9,8,5,132,41,10,1,4,508,7,6,42
Saturday Erimuya,,,,,,,,,,,,,,,,,,,,,,,,,,,,,
Marc Baró Ortiz,,,,,,,,,,,,,,,,,,,,,,,,,,,,,
Juan Flere,,,,,,,,,,,,,,,,,,,,,,,,,,,,,
Djené,0.00,0.00,0.00,0.00,0,0.00,0.00,0,0,88,129,0,60,28,0,0.00,0.00,7,4,4,30,11,7,2,1,429,5,10,61
Iván Alejo,0.76,0.00,0.76,0.76,1,,,,0,,,,,,,,,,,,,,,,,,,,
Jon Ander Garrido,0.00,0.00,0.00,0.00,0,,,,0,,,,,,,,,,,,,,,,,,,,
Santi Mina,0.00,0.00,0.00,0.00,0,0.00,0.00,0,0,16,21,0,14,2,1,1.23,0.00,2,2,0,11,4,0,0,0,66,3,3,3
Carlos Akapo,0.00,0.00,0.00,0.00,0,0.00,0.00,,0,,,,,,,,,,0,,,,,,,,2,,
Jaume Doménech,0.00,0.00,0.00,0.00,,,,,,136,178,0,59,77,0,0.00,0.00,0,0,2,2,0,0,0,1,318,0,0,30
Álvaro Giménez,0.00,2.00,2.00,0.00,0,0.00,0.00,,0,,,,,,,,,,0,,,,,,,,0,,
Alberto Perea,0.00,0.00,0.00,0.00,0,,,,0,,,,,,,,,,,,,,,,,,,,
José Fontán,,,,,,,,,,,,,,,,,,,,,,,,,,,,,
Gabriel Veiga,,,,,,,,,,,,,,,,,,,,,,,,,,,,,
Felipe,0.00,0.00,0.00,0.00,0,0.33,0.00,,0,,,,,,,,,,6,,,,,,,,5,,
Fran Beltrán,0.00,0.00,0.00,0.00,0,1.11,0.00,0,0,70,75,1,49,20,6,3.33,0.00,3,3,3,35,13,1,0,2,354,4,0,15
Brais Méndez,0.00,0.00,0.00,0.00,0,2.86,0.00,1,0,31,51,2,23,6,5,3.57,0.00,2,1,1,26,7,3,0,1,294,2,2,12
Miguel Baeza,,,,,,,,,,,,,,,,,,,,,,,,,,,,,
Okay Yokuşlu,0.00,0.00,0.00,0.00,0,0.42,0.00,0,0,81,99,4,64,13,4,1.67,0.00,2,1,5,29,6,1,0,5,559,5,9,34
Néstor Araujo,0.00,0.00,0.00,0.00,0,1.06,0.00,0,0,55,64,0,37,18,2,1.06,0.00,1,0,1,12,2,1,0,1,486,3,3,16
Jeison Murillo,0.00,0.00,0.00,0.00,0,0.00,0.00,0,0,147,172,2,94,51,3,0.77,0.00,4,2,4,30,12,5,3,1,655,7,5,44
Denis Suárez,0.00,0.30,0.30,0.00,0,0.89,0.00,0,0,120,164,3,97,20,10,2.95,0.30,3,2,7,63,19,3,0,8,1127,1,2,28
Emre Mor,,,,,0,1.77,0.59,,0,,,,,,,,,,7,,,,,,,,3,,
Iván Villar,,,,,,,,,,,,,,,,,,,0,,,,,,,,0,,
Nolito,0.00,0.25,0.25,0.00,0,3.73,1.99,2,0,98,138,3,76,19,10,2.49,0.75,5,3,10,72,24,10,0,4,651,7,0,25
Renato Tapia,0.00,0.00,0.00,0.00,0,,,,0,,,,,,,,,,,,,,,,,,,,
Joseph Aidoo,0.00,0.00,0.00,0.00,0,,,,0,,,,,,,,,,,,,,,,,,,,
Marc Cucurella,0.25,0.00,0.25,0.25,1,1.00,0.50,0,0,98,146,2,82,14,10,2.50,0.25,13,10,5,113,45,8,0,4,789,4,5,39
Sergio González,0.00,0.00,0.00,0.00,0,,,,0,,,,,,,,,,,,,,,,,,,,
Lucas Olaza,0.00,0.00,0.00,0.00,0,0.40,0.20,0,0,189,273,1,151,37,7,1.40,0.00,9,7,7,59,22,13,1,3,828,9,12,54
Fali,0.00,0.00,0.00,0.00,0,,,,0,,,,,,,,,,,,,,,,,,,,
David Gil,,,,,,,,,,,,,,,,,,,,,,,,,,,,,
Hugo Mallo,0.00,0.00,0.00,0.00,0,0.40,0.20,0,0,225,314,2,178,45,5,1.00,0.00,12,6,8,75,23,16,1,3,804,7,10,58
Jeremías Ledesma,0.00,0.00,0.00,0.00,,,,,,,,,,,,,,,0,,,,,,,,0,,
Yann Bodiger,0.00,0.00,0.00,0.00,0,,,,0,,,,,,,,,,,,,,,,,,,,
Filip Malbašić,0.00,0.63,0.63,0.00,0,1.26,0.00,,0,,,,,,,,,,1,,,,,,,,3,,
Augusto Fernández,0.00,0.00,0.00,0.00,0,0.00,0.00,,0,,,,,,,,,,3,,,,,,,,2,,
Anthony Lozano,0.00,0.00,0.00,0.00,0,2.05,1.53,,0,,,,,,,,,,5,,,,,,,,11,,
Jorge Pombo,0.29,0.00,0.29,0.29,1,3.20,0.87,,0,,,,,,,,,,4,,,,,,,,7,,
Marcos Mauro López Gutiérrez,0.00,0.00,0.00,0.00,0,,,,0,,,,,,,,,,,,,,,,,,,,
Alberto Cifuentes,0.00,0.00,0.00,0.00,,,,,,,,,,,,,,,,,,,,,,,,,
Salvi,0.26,0.00,0.26,0.26,1,,,,0,,,,,,,,,,,,,,,,,,,,
Álvaro Negredo,,,,,,,,,,,,,,,,,,,,,,,,,,,,,
José Mari,0.00,0.00,0.00,0.00,0,,,,0,,,,,,,,,,,,,,,,,,,,
Jens Jønsson,0.00,0.00,0.00,0.00,0,0.30,0.00,,0,,,,,,,,,,10,,,,,,,,6,,
Isaac Carcelen,0.00,0.00,0.00,0.00,0,,,,0,,,,,,,,,,,,,,,,,,,,
Álex Fernández,0.00,0.00,0.00,0.00,0,,,,0,,,,,,,,,,,,,,,,,,,,
Javier Díaz,,,,,,,,,,,,,,,,,,,,,,,,,,,,,
Alejandro Pozo Pozo,,,,,0,,,,0,,,,,,,,,,,,,,,,,,,,
Tomáš Vaclík,,,,,,,,,,,,,,,,,,,0,,,,,,,,,,
Cala,0.00,0.00,0.00,0.00,0,,,,0,,,,,,,,,,,,,,,,,,,,
Óscar Rodríguez Arnaiz,0.00,0.00,0.00,0.00,0,0.00,0.00,0,0,17,21,0,13,4,2,6.67,3.33,0,0,1,6,3,0,0,1,105,0,1,2
Bryan,0.00,0.00,0.00,0.00,0,0.00,0.00,0,0,5,7,0,5,0,0,0.00,0.00,1,1,0,3,2,0,0,0,31,1,1,1
Franco Vázquez,0.00,0.00,0.00,0.00,0,0.00,0.00,0,0,4,6,1,3,0,0,0.00,0.00,0,0,0,0,0,0,0,0,35,0,1,3
Carlos Fernández,0.00,0.00,0.00,0.00,0,,,,0,,,,,,,,,,,,,,,,,,,,
Sergi Gómez,0.00,0.00,0.00,0.00,0,0.00,0.00,0,0,60,60,0,48,12,0,0.00,0.00,0,0,0,8,6,2,0,0,208,0,6,5
Óliver Torres,0.00,0.00,0.00,0.00,0,1.03,0.00,,0,,,,,,,,,,2,,,,,,,,1,,
Jules Koundé,0.00,0.00,0.00,0.00,0,1.50,0.00,0,0,150,161,2,117,31,1,0.50,0.00,1,1,1,9,3,3,1,0,807,2,4,25
Youssef En-Nesyri,0.82,0.00,0.82,0.82,1,4.09,1.64,0,0,17,21,1,14,2,2,1.64,0.00,1,1,1,30,11,1,0,1,121,0,3,4
Nemanja Gudelj,0.00,0.00,0.00,0.00,0,0.00,0.00,,0,,,,,,,,,,1,,,,,,,,3,,
Fernando,0.00,0.00,0.00,0.00,0,0.00,0.00,,0,,,,,,,,,,5,,,,,,,,1,,
Iago Aspas,0.60,0.00,0.60,0.60,3,1.00,0.80,2,0,133,182,5,115,13,19,3.80,0.40,3,2,4,57,21,3,0,11,1190,5,2,20
Sergio Escudero,0.00,0.00,0.00,0.00,0,1.00,0.00,0,0,44,59,2,36,6,2,2.00,0.00,1,1,0,12,4,0,0,2,289,1,3,6
Suso,0.00,0.00,0.00,0.00,0,2.28,0.00,0,0,80,95,1,63,16,7,3.99,0.57,4,3,7,23,9,1,0,3,606,4,0,12
Munir El Haddadi,0.70,0.70,1.40,0.70,1,3.49,0.70,0,0,40,54,1,32,7,5,3.49,0.70,3,2,4,32,9,1,0,0,353,3,2,13
Marvin Olawale Akinlabi Park,,,,,,,,,,,,,,,,,,,,,,,,,,,,,
Marcos Acuña,0.00,0.00,0.00,0.00,0,0.00,0.00,,0,,,,,,,,,,3,,,,,,,,5,,
Joan Jordán,0.00,0.45,0.45,0.00,0,0.90,0.00,0,0,155,172,2,120,33,8,3.60,0.45,2,2,9,50,12,2,1,2,561,11,1,16
Lucas Ocampos,0.00,0.00,0.00,0.00,0,2.84,0.41,0,0,70,85,7,48,15,9,3.65,0.00,3,2,1,46,14,6,0,2,619,3,3,11
Ivan Rakitić,0.40,0.00,0.40,0.40,1,2.38,0.79,0,0,160,179,2,125,33,5,1.98,0.00,7,7,2,43,13,2,0,2,759,3,1,13
Jesús Navas,0.00,0.67,0.67,0.00,0,0.00,0.00,0,0,180,228,2,141,37,15,5.00,1.00,4,4,4,35,10,4,0,2,1134,2,1,33
Diego Carlos,0.00,0.00,0.00,0.00,0,0.33,0.00,0,0,219,235,2,133,84,2,0.67,0.00,3,2,3,26,6,1,0,0,822,5,5,25
Luuk de Jong,0.98,0.00,0.98,0.98,2,,,,0,,,,,,,,,,,,,,,,,,,,
Borja Mayoral,0.00,0.00,0.00,0.00,0,0.00,0.00,0,0,3,5,0,3,0,0,0.00,0.00,0,0,1,9,1,0,0,0,25,2,0,1
Rodrygo,0.00,0.99,0.99,0.00,0,0.00,0.00,,0,,,,,,,,,,0,,,,,,,,1,,
Lucas Vázquez,0.00,0.00,0.00,0.00,0,0.00,0.00,0,0,10,11,0,9,1,0,0.00,0.00,1,0,0,4,1,1,0,0,20,1,0,1
Álvaro Odriozola,0.00,0.00,0.00,0.00,0,0.00,0.00,0,0,36,41,1,23,12,2,3.21,0.00,1,0,0,6,1,1,0,2,290,1,0,3
Nacho,0.00,0.00,0.00,0.00,0,0.00,0.00,0,0,51,57,2,43,6,0,0.00,0.00,2,0,5,12,4,1,0,1,178,1,1,10
Marcelo,0.00,0.00,0.00,0.00,0,2.00,0.00,0,0,65,75,1,56,8,5,5.00,0.00,1,1,1,11,3,2,0,2,225,1,0,3
Marco Asensio,0.00,0.00,0.00,0.00,0,0.88,0.00,0,0,48,63,3,38,7,7,6.18,0.00,0,0,0,15,5,3,0,7,392,0,1,6
Isco,0.00,0.00,0.00,0.00,0,0.87,0.87,0,0,64,83,1,53,10,4,3.50,0.00,1,1,1,13,8,1,0,3,376,0,0,3
Martin Ødegaard,0.00,0.00,0.00,0.00,0,,,,0,,,,,,,,,,,,,,,,,,,,
Vinicius Júnior,0.95,0.00,0.95,0.95,2,3.79,1.42,0,0,81,94,1,72,8,3,1.42,0.00,3,2,4,31,12,1,0,5,788,2,0,15
Federico Valverde,0.31,0.00,0.31,0.31,1,1.25,0.62,0,0,154,180,9,126,19,8,2.49,0.31,4,0,5,52,11,3,1,9,979,3,3,24
Luka Jović,0.00,0.00,0.00,0.00,0,2.11,0.70,0,0,26,33,1,24,1,3,2.11,0.00,0,0,0,11,1,0,0,1,93,1,1,2
Dani Carvajal,0.00,0.00,0.00,0.00,0,0.84,0.42,0,0,156,190,2,120,34,2,0.84,0.00,6,3,6,28,6,8,0,0,629,2,4,19
Ferland Mendy,0.00,0.00,0.00,0.00,0,1.00,0.33,0,0,169,186,3,151,15,7,2.33,0.00,2,2,2,23,5,5,0,8,1087,6,0,22
Casemiro,0.00,0.00,0.00,0.00,0,0.31,0.00,0,0,150,197,3,102,45,5,1.54,0.00,15,10,12,61,18,10,2,2,552,5,16,46
Toni Kroos,0.00,0.00,0.00,0.00,0,2.01,0.67,0,0,141,157,2,92,47,8,5.37,0.00,4,2,3,24,6,1,0,1,539,3,2,14
Luka Modrić,0.00,0.00,0.00,0.00,0,0.31,0.00,0,0,203,233,2,161,40,11,3.38,0.00,5,3,6,52,14,7,0,9,949,2,1,22
Sergio Ramos,0.25,0.00,0.00,0.00,1,1.25,0.00,1,1,282,298,1,173,108,3,0.75,0.00,5,2,1,31,13,5,1,2,1156,3,4,41
Karim Benzema,0.25,0.25,0.51,0.25,1,4.30,1.01,0,0,103,125,1,92,10,13,3.29,0.76,1,0,1,30,7,4,3,10,882,7,0,8
Raphaël Varane,0.00,0.00,0.00,0.00,0,0.50,0.00,0,0,211,240,2,126,83,2,0.50,0.00,5,2,5,28,10,5,3,0,1217,1,12,41
Édgar Badía,0.00,0.00,0.00,0.00,,,,,,,,,,,,,,,,,,,,,,,,,
Marko Dmitrović,0.00,0.00,0.00,0.00,0,0.00,0.00,0,0,87,163,0,20,67,1,0.20,0.00,0,0,0,2,0,0,0,0,475,0,0,28
Anaitz Arbilla,0.00,0.90,0.90,0.00,0,0.00,0.00,0,0,65,81,0,28,37,3,2.70,1.80,5,2,2,13,4,2,1,4,591,1,6,13
Esteban Burgos,0.67,0.00,0.00,0.00,1,,,,1,,,,,,,,,,,,,,,,,,,,
Yoshinori Mutō,0.00,0.00,0.00,0.00,0,1.96,1.30,0,0,16,28,0,14,2,1,0.65,0.00,0,0,2,24,7,3,0,0,162,4,6,6
Rafa Soares,0.00,0.00,0.00,0.00,0,0.00,0.00,,0,,,,,,,,,,3,,,,,,,,2,,
Álvaro Tejero,0.00,0.00,0.00,0.00,0,1.00,1.00,,0,,,,,,,,,,1,,,,,,,,0,,
Andrés Fernández,0.00,0.00,0.00,0.00,,,,,,111,160,0,66,45,0,0.00,0.00,0,0,0,0,0,0,0,0,414,0,0,24
Recio,0.00,0.00,0.00,0.00,0,0.52,0.00,0,0,43,58,1,33,9,1,0.52,0.00,4,3,5,49,17,1,0,2,295,6,1,14
Papakouli Diop,0.00,0.00,0.00,0.00,0,0.73,0.00,0,0,62,95,3,45,14,2,0.73,0.00,11,7,11,42,14,1,0,2,220,7,10,43
Pedro León,0.00,0.31,0.31,0.00,0,1.89,0.94,2,0,72,120,2,60,10,4,1.26,0.31,2,0,6,39,14,1,0,3,480,4,6,20
Pedro Bigas,0.00,0.00,0.00,0.00,0,0.29,0.00,0,0,99,143,2,65,32,0,0.00,0.00,5,5,5,32,12,6,1,1,238,7,19,59
Rober Correa,0.00,0.00,0.00,0.00,0,,,,0,,,,,,,,,,,,,,,,,,,,
Sergio Álvarez,0.00,0.00,0.00,0.00,0,0.54,0.27,0,0,106,139,5,80,21,2,0.54,0.00,10,7,5,68,25,6,0,0,519,6,9,48
Kévin Rodrigues,0.32,0.00,0.32,0.32,1,0.97,0.32,0,0,115,171,0,80,35,5,1.62,0.00,5,2,10,39,12,8,0,5,815,2,7,32
José Antonio Martínez Gil,,,,,0,,,,0,,,,,,,,,,,,,,,,,,,,
Paulo Oliveira,0.00,0.00,0.00,0.00,0,0.00,0.00,0,0,66,123,1,43,22,1,0.25,0.00,6,3,7,27,12,5,1,2,284,2,17,68
Yoel,,,,,,,,,,48,93,0,5,43,0,0.00,0.00,0,0,0,2,0,1,0,0,261,1,0,17
Unai Dufur,,,,,,,,,,,,,,,,,,,,,,,,,,,,,
Unai Arietaleanizbeaskoa,,,,,,,,,,,,,,,,,,,,,,,,,,,,,
Miguel Atienza,,,,,,,,,,,,,,,,,,,,,,,,,,,,,
Eñaut Mendía,,,,,,,,,,,,,,,,,,,,,,,,,,,,,
Damian Kądzior,0.00,0.00,0.00,0.00,0,,,,0,,,,,,,,,,,,,,,,,,,,
Juan Peñaloza,,,,,,,,,,,,,,,,,,,,,,,,,,,,,
Quique,0.00,0.00,0.00,0.00,0,,,,0,,,,,,,,,,,,,,,,,,,,
Sergi Enrich,0.00,0.00,0.00,0.00,0,1.22,0.00,0,0,15,22,1,13,1,1,1.22,0.00,1,1,0,18,6,1,0,2,76,1,3,6
Gastón Silva,0.00,0.00,0.00,0.00,0,0.00,0.00,,0,,,,,,,,,,2,,,,,,,,0,,
Dani Escriche,0.00,0.00,0.00,0.00,0,0.00,0.00,,0,,,,,,,,,,0,,,,,,,,1,,
José Salinas,,,,,,,,,,,,,,,,,,,,,,,,,,,,,
Claudio Medina,,,,,,,,,,,,,,,,,,,,,,,,,,,,,
Luisinho,0.00,0.00,0.00,0.00,0,0.00,0.00,,0,,,,,,,,,,0,,,,,,,,0,,
Kevin Omoruyi,,,,,,,,,,,,,,,,,,,,,,,,,,,,,
Álvaro Fernández,,,,,,,,,,,,,,,,,,,,,,,,,,,,,
Ignacio Pastor,,,,,,,,,,,,,,,,,,,,,,,,,,,,,
Mourad El Ghezouani,,,,,,,,,,,,,,,,,,,,,,,,,,,,,
César,,,,,,,,,,,,,,,,,,,,,,,,,,,,,
Luis Castillo,,,,,,,,,,,,,,,,,,,,,,,,,,,,,
Jonatan Carmona Alamo,,,,,,,,,,,,,,,,,,,,,,,,,,,,,
Edu Expósito,0.00,0.24,0.24,0.00,0,,,,0,,,,,,,,,,,,,,,,,,,,
Kelechi Nwakali,,,,,,,,,,,,,,,,,,,,,,,,,,,,,
Joaquín Muñoz,0.00,0.00,0.00,0.00,0,2.20,2.20,,0,,,,,,,,,,0,,,,,,,,2,,
Sergio Gómez,,,,,0,1.91,0.00,,0,,,,,,,,,,2,,,,,,,,0,,
Eugeni Valderrama,0.00,0.00,0.00,0.00,0,,,,0,,,,,,,,,,,,,,,,,,,,
Kike,0.49,0.00,0.49,0.49,2,2.23,0.99,1,0,73,115,8,53,12,11,2.72,0.25,4,4,4,77,31,5,1,5,490,7,23,21
Takashi Inui,0.00,0.00,0.00,0.00,0,1.83,0.23,0,0,84,123,3,66,15,10,2.29,0.00,8,6,7,68,28,0,0,7,1057,5,4,21
Jaime Seoane,0.00,0.00,0.00,0.00,0,2.06,0.41,,0,,,,,,,,,,4,,,,,,,,7,,
Mikel Rico,0.00,0.00,0.00,0.00,0,2.02,0.40,,0,,,,,,,,,,2,,,,,,,,3,,
Borja García,0.00,0.00,0.00,0.00,0,1.34,0.00,,0,,,,,,,,,,3,,,,,,,,1,,
Juan Carlos,0.00,0.43,0.43,0.00,0,,,,0,,,,,,,,,,,,,,,,,,,,
Pablo Maffeo,0.51,0.00,0.51,0.51,1,1.01,0.51,,0,,,,,,,,,,2,,,,,,,,2,,
Pedro López Muñoz,0.00,0.00,0.00,0.00,0,0.00,0.00,,0,,,,,,,,,,3,,,,,,,,2,,
Pablo Insua,0.00,0.00,0.00,0.00,0,0.50,0.00,,0,,,,,,,,,,2,,,,,,,,5,,
Rafa Mir,0.00,0.00,0.00,0.00,0,2.65,0.53,,0,,,,,,,,,,2,,,,,,,,7,,
Javi Galán,0.00,0.00,0.00,0.00,0,0.00,0.00,,0,,,,,,,,,,7,,,,,,,,19,,
Diego Bri,,,,,,,,,,,,,,,,,,,,,,,,,,,,,
Dimitris Siovas,,,,,1,1.00,0.75,0,0,209,259,1,133,75,2,0.50,0.00,5,2,3,23,12,4,1,2,1494,3,18,47
Gerard Barri,,,,,,,,,,,,,,,,,,,,,,,,,,,,,
Shinji Okazaki,0.00,0.00,0.00,0.00,0,,,,0,,,,,,,,,,,,,,,,,,,,
David Ferreiro,0.00,0.23,0.23,0.00,0,1.37,0.69,,0,,,,,,,,,,2,,,,,,,,10,,
Jorge Pulido,0.00,0.00,0.00,0.00,0,1.00,0.20,,0,,,,,,,,,,6,,,,,,,,9,,
Pedro Mosquera,0.00,0.00,0.00,0.00,0,,,,0,,,,,,,,,,,,,,,,,,,,
Ramón Folch,0.00,0.00,0.00,0.00,0,0.00,0.00,,0,,,,,,,,,,0,,,,,,,,0,,
Cifu,0.00,0.00,0.00,0.00,0,,,,0,,,,,,,,,,,,,,,,,,,,
Pere Milla,0.00,0.00,0.00,0.00,0,0.82,0.41,,0,,,,,,,,,,6,,,,,,,,3,,
Dani Calvo,0.00,0.00,0.00,0.00,0,,,,0,,,,,,,,,,,,,,,,,,,,
Youssouf Koné,,,,,0,0.00,0.00,0,0,19,23,0,16,3,0,0.00,0.00,1,0,0,7,2,0,0,2,52,1,0,2
Lucas Boyé,0.51,0.00,0.51,0.51,1,,,,0,,,,,,,,,,,,,,,,,,,,
Víctor Rodríguez,0.00,0.00,0.00,0.00,0,0.00,0.00,,0,,,,,,,,,,0,,,,,,,,0,,
Juan Sánchez Miño,0.00,0.00,0.00,0.00,0,0.00,0.00,,0,,,,,,,,,,0,,,,,,,,1,,
Nino,0.00,0.00,0.00,0.00,0,,,,0,,,,,,,,,,,,,,,,,,,,
Omenuke Mfulu,0.00,0.00,0.00,0.00,0,,,,0,,,,,,,,,,,,,,,,,,,,
Raúl Guti,0.00,0.00,0.00,0.00,0,,,,0,,,,,,,,,,,,,,,,,,,,
Tete Morente,0.00,0.00,0.00,0.00,0,0.67,0.00,,0,,,,,,,,,,4,,,,,,,,2,,
Josema,,,,,0,,,,0,,,,,,,,,,,,,,,,,,,,
Josan,0.00,0.00,0.00,0.00,0,,,,0,,,,,,,,,,,,,,,,,,,,
Gonzalo Verdú,0.00,0.00,0.00,0.00,0,,,,0,,,,,,,,,,,,,,,,,,,,
Fidel,0.00,0.00,0.00,0.00,0,,,,0,,,,,,,,,,,,,,,,,,,,
